,person_id,p_name,p_phone_number,p_address
0,1,Karen Barnett,001-641-674-8419,"22343 April Path Suite 739
Sherryton, NJ 96642"
1,2,Heather Hayes,(807)203-4093,"545 Anderson Plains
Port Victor, LA 69435"
2,3,Megan Smith,(199)994-2405,"027 Jones Burg
Danielleville, WV 33439"
3,4,Jeremiah Briggs,+1-540-256-7144x5426,"91864 Bobby Cliffs
Michaelfurt, VT 22503"
4,5,Kenneth Lopez,363.874.7782x227,"PSC 7816, Box 4399
APO AA 36208"
5,6,Joshua Dominguez,4748924395,"Unit 7133 Box 8573
DPO AE 43635"
6,7,Kristi Mckee,+1-191-335-2306x6543,"0818 Cline Street
East Seth, OR 98828"
7,8,Maria Anderson,911.273.1376,"8862 Marc Mount
Port Jefferybury, FL 72709"
8,9,Alexis Thornton,861.884.8625x21716,"64891 Pearson Hill
Lake Jeremy, WA 51212"
9,10,Kathy Greer,868-071-2832x87853,"4063 Danny Oval
Jacobfort, NV 73125"
10,11,Patrick Ortiz,001-138-337-8752,"31249 Juan Square
Anneland, CT 87189"
11,12,Keith Hatfield,099.350.1038x949,"467 Johnson Meadows
West Kevin, IN 50508"
12,13,Daniel Houston,569.188.6697x929,"603 Andrews Alley Apt. 422
Port Robert, ME 12389"
13,14,Melissa Lopez,088.093.9123,"53322 Miller Harbor Apt. 057
Lawrencechester, DE 86639"
14,15,Bill Hart,9369209248,"1162 Michael Extension Suite 755
Collinschester, IL 32676"
15,16,Jacob Dixon,825.148.5554,"74765 Smith Plains
Craigborough, WV 69710"
16,17,Travis Lindsey,5149949519,"62572 Welch Isle Apt. 966
East Elizabethfurt, DC 70530"
17,18,Mr. Christopher Henry,+1-788-165-6007x965,"636 Justin Way
New Alicia, AZ 81945"
18,19,Joseph Golden,8217143309,"95095 Weeks Views
Heathershire, NJ 02477"
19,20,Tracy Washington,293.355.2707x2904,"PSC 9937, Box 1389
APO AP 26423"
20,21,Angela Kennedy,001-424-696-8886,"78138 Joshua Ridges
Paulmouth, NJ 95857"
21,22,Matthew Garcia,001-010-000-5410x8916,"33727 Jennifer Square Apt. 774
Lake Heidimouth, DE 33186"
22,23,Dr. Mallory Ruiz,828.324.4014,"407 Burns Way
East Joshuaside, OK 29497"
23,24,Paula Poole,8811114615,"05852 Amber Springs Suite 444
Lake Lisastad, PA 24828"
24,25,Allen Sanchez,995.067.7764x68432,"428 Bradley Hills Suite 013
Johnview, AK 26811"
25,26,Nicole Blackburn,(819)243-2817,"PSC 4578, Box 5083
APO AA 15429"
26,27,Michael Thomas,714.257.8143x587,"7819 Julie Underpass
Benjaminfurt, FL 66172"
27,28,Amanda Mathews,(439)799-1210,"7232 Mayer Port Suite 260
West Ashleymouth, GA 15987"
28,29,Peter Rodriguez,+1-506-570-3436x0873,"457 Steven Forges Suite 827
West Christophermouth, HI 49014"
29,30,Joseph Barrett,5194155209,"8617 Prince Streets
West Danielle, ID 40680"
30,31,Courtney Wilcox,284.453.2696x960,"Unit 6001 Box 0164
DPO AE 03769"
31,32,Damon May,+1-703-166-9132x011,"014 Joseph Hollow
Sullivanhaven, NC 22671"
32,33,Dwayne Buchanan,118.797.3546x73761,"81133 Carolyn Stream
South Nicole, MD 52656"
33,34,Brittany Richardson,231.050.6212,"873 Laura Roads
West Ashley, NY 91267"
34,35,Matthew Johnson,001-720-609-1927,"17213 Martinez Crossing Suite 609
South Amanda, KY 98533"
35,36,Frank Taylor,(057)525-5196x59223,"9123 Brian Manor Suite 290
Lake Adrian, NC 72777"
36,37,Peter Williams,263-184-2730x481,"28993 Justin Land Suite 793
Port Jordanborough, AZ 43407"
37,38,Robert Wiggins DVM,+1-665-800-2074x698,"4301 Garcia Mountain
Port Kristin, NE 99168"
38,39,Ebony Merritt,778.406.0898x899,"884 Ramirez Junctions
Riveraview, ME 77269"
39,40,Peggy Cardenas,196-846-7881x3632,"4355 Ortiz Knoll Suite 602
New Michaelchester, AK 22985"
40,41,Elizabeth Blake,+1-637-640-8197,"255 Betty Spurs Apt. 146
North Lisa, LA 88496"
41,42,Joshua Collins,001-216-132-5476x40465,"953 Cook Shores
North Mariaberg, OK 15517"
42,43,Aaron Wall MD,437.615.4429x1804,"839 Lynch Point Suite 384
Andersonville, PA 82695"
43,44,Gregory Brock,025-018-7708,"941 James Point
Port Charles, WA 78398"
44,45,Larry Johnson,+1-851-234-9317x3040,"0860 Craig Canyon Apt. 878
East Sherrymouth, NV 12855"
45,46,Mary Murphy,8207444080,"3189 Williamson Canyon
New Micheal, AR 40846"
46,47,Dawn Jones,001-295-042-5387,"34390 Valdez Ferry
North Rickystad, DE 29577"
47,48,Dr. Melissa Jones,001-289-187-2056,"242 Monica Heights Suite 759
Wardtown, ND 05881"
48,49,Jodi Hamilton,189.565.0579,"0142 West Orchard
Kingside, RI 86476"
49,50,Ricky Hogan,+1-277-416-5976,"40343 Sean Islands Suite 328
Chambersview, WV 56850"
50,51,Elizabeth Gordon,842.329.6189,"05711 April Unions Suite 235
Lake Kerry, MD 81305"
51,52,Eric Lozano,001-352-263-2181x23886,"821 Christy Roads Suite 883
Lake Jodi, OR 63136"
52,53,Kevin Browning,(965)509-6799x6206,"USNS Jackson
FPO AE 77790"
53,54,Kevin Lopez,(023)691-5995x1302,"767 Robin Pines
Bryantshire, GA 74690"
54,55,Jason Rogers,+1-378-315-4857x149,"Unit 2606 Box 6665
DPO AA 42937"
55,56,Jennifer Krause,299-512-6671x7957,"8146 Penny Forges
Clairehaven, AZ 64145"
56,57,Marisa Ward,+1-910-125-7042,"342 Gregory Mill
Jacobshire, OK 41491"
57,58,Mrs. Kimberly Martinez,631-238-9935,"326 Michael Villages Suite 934
Laurafurt, AK 38883"
58,59,Felicia Hall,(382)926-9866x6809,"PSC 6909, Box 1373
APO AP 08624"
59,60,Shawna Cardenas,659-981-8668x81524,"82711 Mahoney Drive Apt. 712
West Josephburgh, SC 01601"
60,61,Mrs. Holly Lopez,(596)087-5029x89559,"160 Williams Isle Suite 870
Gonzalezland, TX 32702"
61,62,Kevin Parker,001-690-436-9599x26913,"8185 William Terrace
Sullivanfort, SC 27656"
62,63,Danny Wilson,223-265-3274x2643,"355 Garcia Roads
Cookeland, KS 27890"
63,64,George Pena,251-997-3941x1192,"514 Tyler Pines Suite 578
Simmonschester, MS 51094"
64,65,Elizabeth Jones,046-102-1126,"464 Ware Place Apt. 223
West Jameschester, DC 41103"
65,66,Melissa Marsh,717-617-4243,"27371 Medina Village
West Ericmouth, FL 27330"
66,67,Lindsay Knight,001-610-137-7587x367,"7854 Jason Point Apt. 162
North Emily, TX 54196"
67,68,Rita Johnson,0722607874,"99156 Lewis Estates
West Samuel, LA 28124"
68,69,Daniel Wilson,(355)491-0417x7207,"9470 Jason Spring
New Andre, TN 37515"
69,70,Marco James,(246)688-5187x658,"19114 Johnson Spurs Apt. 370
Port Heather, TN 67958"
70,71,Jerome Johnson,(845)193-7019,"5910 Jacqueline Ports
Cobbborough, KS 92270"
71,72,Katie Vasquez,+1-050-510-4225,"4959 Robinson Stream
Coffeyfort, PA 48553"
72,73,Angela Gomez,+1-892-712-8132x7538,"USS Smith
FPO AP 04062"
73,74,Jennifer Park,4436673904,"9240 Edwin Streets Suite 525
Glassstad, SD 69062"
74,75,Austin Moss DDS,(781)459-4242x849,"PSC 3537, Box 5891
APO AE 25215"
75,76,Toni Santana,(891)742-0869x39444,"906 Webb Plains
West Joshua, LA 56420"
76,77,Matthew Santiago,(969)378-4998x0765,"1584 Jon Lock Apt. 321
South Juan, NJ 29765"
77,78,Stacey Ramos,(218)010-9034x08869,"103 Hayden Point Suite 922
Whiteport, HI 90598"
78,79,James Graham,570-143-4501,"00229 Ray Forest Suite 703
North Melissa, IN 80752"
79,80,Melissa Sims,707.940.4294x1906,"674 Catherine Trail
South Brandonmouth, PA 39159"
80,81,Lisa Mckenzie MD,001-142-200-3551,"406 Holder Light
South Shawn, AR 87990"
81,82,Charles Scott,681.601.7794,"06439 Erin Crossroad Apt. 330
Tonyborough, NJ 22164"
82,83,Christopher Dean,+1-511-294-0333x095,"25288 Dawn Extension
Lake Victoriaview, TN 96232"
83,84,Christopher Fry,001-894-250-3818x4077,"69151 Sherri Viaduct
North Jason, TX 93498"
84,85,Joshua Perry,(127)379-7599x8559,"237 Harris Plaza Suite 734
Leeborough, KS 93567"
85,86,Brandi Perry,461.273.7026x128,"0856 Peter Ferry
Mathewsborough, MD 76938"
86,87,Alexandra Hancock,001-259-135-2174x2131,"080 Jeffrey Crescent Suite 186
East Melissachester, CA 37091"
87,88,John Harris,(241)926-6179x38605,"405 Felicia Corners Apt. 754
West Andrew, FL 94374"
88,89,Jamie Ramirez,988-881-1863,"65460 Mary Forks
North Jacob, AZ 14689"
89,90,Christopher Acosta,001-146-825-4420,"4464 Barber Court
New Jamesland, OR 54830"
90,91,Jonathan Mayer,+1-601-958-5610x6271,"55781 Mark Expressway Suite 164
New Amberburgh, MI 01717"
91,92,Lisa Mcfarland,001-333-600-7634x413,"3803 Deborah Brooks Suite 982
Christinemouth, SD 32938"
92,93,Eric Guerrero,+1-550-791-3195x994,"19058 Martinez Burgs Suite 824
Nicholsland, TN 35820"
93,94,Scott Mccann,502.960.4294x105,"66824 Kevin Gardens Suite 744
South Leonardport, RI 09718"
94,95,Dennis Henderson,(344)255-4657,"6004 Glenda Prairie Apt. 402
Gonzalezstad, FL 46113"
95,96,Eric Howard,2343226106,"6777 Avila Wells
Lopezside, AL 76287"
96,97,John Williams,253-478-3525,"9273 Kimberly Motorway Apt. 207
West Calvinchester, NJ 24671"
97,98,Steven David,436.160.3510,"9246 Mata Centers
Dwaynechester, MT 06842"
98,99,Amanda Chapman,(223)771-3025x6992,"6465 Villa Summit
New Patrick, OK 42814"
99,100,Kaylee Padilla,(906)363-9281x03043,"33198 Nathan Camp
East Katrina, OH 42925"
