p_name,p_phone_number,p_address,role
Jamie Dominguez,373-023-3079,"967 Murphy Fall
New Lindsayland, MO 26029",organization
Kimberly Romero,093.975.1682x33687,"5502 Potter Crossroad Suite 562
Brandtburgh, NJ 92896",security
Christopher Pearson,001-271-099-5128,"3260 Sheri Street Apt. 446
North Scottshire, IN 22864",organization
Diamond Wheeler,+1-619-385-4246x408,"49687 John Trail
Arnoldborough, AK 81281",organization
Jennifer Davis,919-824-5162x616,"41741 Williams Road
West John, MD 00893",security
Abigail Gutierrez,267-264-0390,"12648 Pratt Key Apt. 186
Port Robert, MI 15913",security
Ross Lewis MD,225-685-7573,"0462 Michelle Loaf Suite 580
South Maryberg, CO 62779",catering
Zachary Doyle,+1-838-113-1730x105,"4498 Aguirre Coves
West Frankberg, WI 65104",security
Jason Estrada,001-843-781-2434x72130,"0502 Julie Estate
Michaelland, LA 89677",security
Richard Thomas,(922)706-1322,"602 Clark Underpass Apt. 520
Jeffreystad, OH 62788",security
Joshua Brennan,481-389-3721,"05381 Wu Well
Hannabury, ME 27114",organization
Dakota Summers,(931)541-5381,"2646 Johnny Tunnel Suite 583
East Ericberg, IA 72221",security
Lindsay Stevens,(534)046-0549x6281,"5783 Daniel Ports
Lake Angela, WY 86053",catering
Benjamin Andrews,448.294.1497x35635,"316 Richard Throughway
Lake Evan, NV 40473",other
Brittany Brown,2178323726,"97311 Cynthia Island Apt. 823
East Erinstad, NH 65869",other
William Atkinson,(457)574-6735x2883,"367 Jon Inlet
Holtstad, AR 13422",security
Justin Pacheco,2423000363,"482 Tiffany Manor Suite 545
East Leah, RI 32448",catering
Alyssa Clark,841-854-5919x564,"02109 Timothy Junction Suite 372
Lewisstad, NC 18661",security
Debra Johnson,(745)936-3509x2238,"USS Kelley
FPO AE 99565",other
Jason Porter,001-877-225-5397x360,"0992 David Locks Apt. 163
South Joshua, AK 92681",other
Shannon Mcfarland,471.483.4996,"090 Weaver Harbor Apt. 284
South Eric, NV 04349",organization
Elizabeth Jackson,091.848.2850,"3222 Amber Drive
Perryfort, NV 83196",organization
Miguel Thompson,622-212-7885,"15774 Kathleen Junctions Suite 049
Scottburgh, PA 37040",security
Ryan Williams,001-996-204-5851,"USS Johnson
FPO AA 33839",other
Amy Green,5180444499,"USNS Parker
FPO AP 24862",security
Robin Hopkins,+1-345-383-4717x196,"92492 Henry Cliff
Amyside, AK 54348",security
Bryan Brown,+1-755-443-9240x9367,"4641 Lori Lodge Suite 294
Jackfurt, VT 65451",catering
Karen Watson,0144804616,"5681 Kevin Isle
East Ian, DC 06711",other
William Blankenship,(120)473-9343x142,"609 Scott Place Apt. 420
Millerbury, NC 72248",security
Roger Greene,980.599.6155x68700,"38576 Miller Rest
Rileyland, NC 50699",security
Christopher Tanner,001-390-627-7447x98483,"400 Zachary Walk
Freemanfort, RI 44195",other
Sarah Gonzalez,569-591-5665x471,"2188 Wells River
Claybury, ME 71290",other
Kenneth Ruiz,761-607-4303x123,"0225 Melissa Roads
Thomasmouth, MO 95226",security
Justin Watson,315.537.6648x9859,"2157 Navarro Bypass
East Olivia, OH 63546",security
Kenneth Newman,001-919-531-8099x4053,"128 James Prairie Apt. 145
Edwardsburgh, IL 53021",other
Dawn Duncan,8615774813,"059 Brown Knolls Suite 433
North Emily, DC 67187",security
Eric Robles,+1-175-974-3754x283,"782 Belinda Freeway Suite 121
North Scottshire, UT 56875",organization
Veronica Brown,(453)806-7603x82574,"1549 Brett Villages Apt. 700
New Caitlinville, MA 67376",other
Jonathan Gonzalez,+1-941-485-8843x0229,"48581 Geoffrey Orchard Suite 426
Williamsonland, MA 05015",catering
Ann Smith MD,591.993.5486x18136,"5924 Bell Tunnel Apt. 261
East Kenneth, NY 40148",catering
George Vaughn,910.798.1033,"Unit 7997 Box 4879
DPO AP 59175",other
Jessica Mcbride,+1-173-905-4258,"29161 Tim Road
Lake Caitlynport, NJ 98688",security
Stephanie Davis,181.465.4590,"5267 Walter Well Suite 161
Brandonview, IA 99737",catering
Christopher Graham,516.896.4582x329,"3227 Payne Passage
Timothyville, AL 73791",organization
Deanna Schwartz,693.000.3436x7971,"45740 Hartman Path Suite 231
Jonesborough, NC 38707",other
Deborah Horn,(226)070-6090x6803,"46077 Rachel Vista Suite 308
Kevinton, MN 53576",catering
Denise Williams,001-637-458-8524,"9078 Kaufman Rapids
Sarahville, LA 22310",security
Francisco Weaver,(337)696-0578x16506,"205 Sarah Loaf Apt. 318
South Natalie, GA 79055",other
Evan Thomas,001-866-068-9887x32404,"4200 Janet Stream
North Jessica, SD 55970",security
Nicole Jackson,(335)549-0567x501,"71909 Barker Village
West Harold, ID 75869",security
Matthew Gonzalez,+1-238-896-3965x81081,"187 Destiny Fields Apt. 022
Romanview, SC 71233",security
Devin Brown,(752)731-6702,"54792 Lopez Run
Swansonland, MO 69769",other
David Reed,+1-442-642-9126x1200,"9586 Denise Glen
Dustinshire, IL 28359",security
Michelle Garcia,860-430-5256x8328,"99068 Williams Road Suite 594
Andreafort, NC 82408",catering
Michelle Shaw,138.900.8779x589,"323 Craig Union Suite 534
Patricktown, VT 21706",organization
Justin Patterson,890-457-0224,"5718 Gross Row Apt. 987
Annastad, RI 56475",catering
Samuel Adams,903-161-7671,"9214 Alison Locks Apt. 111
South Wendyberg, OK 48054",other
Michael Nicholson,(600)257-7976,"8118 Mendoza Villages Suite 303
West Saraview, IN 23664",other
Joshua Simpson,371-775-4580x694,"815 Schultz Throughway
North Loganton, GA 15343",organization
Ryan Rodriguez,001-757-811-1828x1278,"574 David Pike Suite 090
New Thomaschester, NV 48050",security
Brian Aguilar,2990694082,"PSC 8272, Box 3707
APO AP 26471",organization
Mary Hernandez,(327)166-5333x87861,"6270 Gregory Course Suite 338
Comptonview, RI 37299",organization
Rodney Meyer,532-937-3799x032,"6006 Evans Mountains
Dominicberg, ME 21555",security
Sue Adams,965-234-6250x475,"72887 Wilson Mountain
New Sherrimouth, IN 97116",security
Roy Villarreal Jr.,101-388-2396x845,"858 Ramos Island Suite 107
Morganton, NM 69399",catering
Michael Martinez,3900672967,"5608 Goodman Burgs
Rubiostad, PA 66163",other
Eric Evans,+1-542-244-9800,"96562 Gaines Tunnel Suite 082
Dianeborough, ME 86257",other
Kelly Shaw,387-593-3132,"1312 Heather Club Suite 697
Atkinsonfurt, OK 28350",catering
Karen Kelly,001-283-300-3665x668,"851 Troy Land Apt. 660
Mathistown, WV 37036",other
Kevin Brown,+1-237-645-1241x155,"09542 Jennifer Canyon Suite 508
North Peter, KY 04109",other
Robert Guerrero,396-736-4559,"82634 Jones Spring
South Brandonton, VT 60390",security
Michele Day,001-562-075-5424x472,"34133 Brown Dale
South Scott, SC 45684",organization
James Davis,139.649.3600x6279,"7497 Morales Curve Suite 195
Melvintown, TX 05507",organization
James Hughes,+1-973-682-4381x830,"USNS Torres
FPO AA 31929",organization
Laura Bryan,1499274789,"6597 Hill Meadow Apt. 894
West Jeffrey, SD 99056",organization
Brandon Barry,965.620.0984,"0210 Michelle Light Apt. 425
New Kristen, GA 06866",other
Nicole Mcdonald,+1-920-844-3849,"Unit 9655 Box 1827
DPO AP 35677",other
Jerry Holloway,(292)181-1638,"792 Conway Lake
Port Theresashire, SD 52250",security
Shelley Simpson,001-389-707-9249x28491,"5648 Schwartz Glen
North Davidstad, WI 11871",catering
Darryl Moses,+1-997-951-6030x493,"5673 Denise Wells
Saraland, MO 90289",catering
Jared Ramos,942-226-6506x738,"33113 Vega Courts Apt. 526
Kimberlyborough, MA 30054",security
Molly Johnson,690-632-7091x1310,"5390 Melissa Prairie
Elizabethburgh, IN 69257",other
Robert Fischer,(633)003-6570x871,"962 Laura Circles
Smithton, AZ 33799",other
Brett Robinson,519-091-9980,"91138 Poole Squares Suite 387
East Leslie, NJ 75328",security
Olivia Page,(195)843-5389x373,"8899 Waters Plaza
Port Christopherburgh, IN 42323",security
Pamela Thompson MD,(782)547-2209,"6201 Watson Camp Suite 075
Martinland, IL 26264",catering
Stacy Le,169-300-9887,"9630 David Views
Port Catherinebury, OR 37001",security
Haley Johnson,825-613-8841x048,"6846 Aaron Gardens
Jacquelinemouth, NE 12015",organization
Sydney Thomas,148.521.3503x460,"75694 Pittman Parks
Port Allisonmouth, NM 03198",catering
Kimberly Quinn,598-626-7649x6395,"PSC 2222, Box 0825
APO AP 54993",catering
Kathleen Park,+1-115-290-1868x629,"96532 Marsh Alley Apt. 688
Petersonchester, TX 25833",organization
Ryan Macias,112.051.1449x4881,"9834 Vincent Crossing Suite 203
Jillshire, DC 58580",organization
Kelly Wilson,001-441-492-5942x597,"326 Montgomery Motorway Suite 593
Benjaminmouth, RI 17733",security
Lauren Gates,6687861862,"6989 Jason Inlet
Port Christinaborough, MN 92254",security
Thomas Boyle,334.607.1942x430,"2638 Virginia Springs
North Stephanie, CA 45727",catering
Charles Ryan,+1-425-811-2654x42717,"51159 William Passage Suite 546
Ashleyview, CA 76298",organization
Gavin Rice,834-698-4642,"649 Adam Ville
Lewishaven, NE 90192",security
Christopher Williamson,+1-451-337-8601x42785,"Unit 3642 Box 4324
DPO AP 87372",catering
Ashley Reynolds,+1-003-476-2834,"83125 James Glens
Coxland, AK 32236",organization
Kim Peters,0528806656,"53458 Adam Viaduct
North Rachelport, MT 09777",catering
Corey Klein,001-268-754-2466,"64306 Carter Ridge
Hardystad, NE 54525",security
Gregory Fox,592-466-3558x96804,"42092 Duarte Key Apt. 028
Lake Rachel, TX 99089",catering
Jamie Chandler,539.209.3751x48523,"3402 Kenneth Mountain Suite 103
North Laurastad, SC 96125",other
Jason Bryant,+1-853-624-4948x6844,"6799 Maria Inlet Apt. 554
New David, AR 66338",security
Nathaniel Miller,019-322-3983x5825,"249 Donna Lodge
South Gregorytown, OR 52788",organization
Karen Joyce,013-626-7591,"PSC 3266, Box 9198
APO AP 23745",other
Daniel Elliott,259.173.6400x679,"128 Rebecca Islands Apt. 028
Davidmouth, LA 16691",other
Julie Peters,333-268-9937x69324,"578 Sheryl Port
New Tylerport, PA 91009",other
Steven Crawford,490-076-6622,"33584 Gwendolyn Freeway Suite 994
Port Royburgh, MT 66887",security
Melissa Johnston,721.651.1559x43770,"7035 Haley Flat Suite 999
Port Cynthiaton, CT 73543",catering
Robert Rodriguez,+1-841-980-0206,"417 Reynolds Glen
South Jody, MI 37268",security
Melissa Bernard,+1-796-120-5906,"562 Linda Dale Suite 458
Carriestad, MI 31037",security
Rachel Campbell,737-177-8004x8594,"864 Richard Summit
Houstonview, OR 10330",catering
Heather Bruce,805.959.4289x4229,"PSC 8530, Box 0041
APO AE 21363",organization
Erin Huff,842-334-3370,"6376 Kevin Lodge
Seanbury, CO 31626",catering
Paul Roberts,+1-512-909-5356,"35787 Miller Walk Apt. 005
Aprilfurt, MS 33912",catering
Laura Griffin,4192385324,"1837 Christopher Islands
North Kevinchester, ME 64411",organization
Madison Anderson,(104)886-4430x670,"PSC 4514, Box 2213
APO AA 22011",organization
Jessica Castillo,159-557-6289x1593,"83447 Dennis Ways
Mcgrathhaven, AR 63268",security
Donna Harrison,(621)905-0871x5152,"41152 Ryan Square
Petersborough, NH 27286",security
Emily Weiss,255.671.2466x1388,"450 Walters Rapids Suite 268
Stonehaven, CO 23717",security
Mallory Hayden,+1-248-227-4512x6213,"973 Nancy Inlet Apt. 108
Sharonchester, IN 41305",other
Joyce Sosa,521-709-8899x79772,"68238 Vincent Heights Suite 243
Walkershire, UT 55722",organization
Mark Fox,001-320-225-0439x21636,"79491 Melissa Park
Amandaberg, OK 45018",security
James Nelson,088.254.4553x679,"81548 Richard Corner
Leechester, NC 16392",organization
Lauren Flynn,(709)475-7643,"682 Swanson Mission Apt. 815
New Lisatown, OR 92024",other
Todd Moore,+1-531-965-9347x111,"14487 Wolf Tunnel Suite 030
West Jessica, VT 51872",organization
Rebecca Gross,3200175747,"895 John Mall
Port Richard, AK 16479",catering
James Snow,9941602880,"9968 Nicole Turnpike
Andersonfurt, AZ 75513",organization
Christopher Hill,506-108-2309,"81987 Kristen Light
Poolemouth, WI 89098",organization
Christine Burns,049-495-2829x586,"USNS Sanchez
FPO AE 40140",security
Nicole Alexander,842.151.6307x1322,"Unit 3784 Box 4949
DPO AA 65442",catering
Ethan Wright,+1-979-862-1960x686,"6680 Harris Fields
Williamport, AR 26851",other
Andres Rogers,461-293-1052x4489,"811 Wesley Course Suite 423
Ashleyland, MA 49834",catering
Beverly Townsend,+1-665-805-0983x6855,"4578 Michael Viaduct
Lake Alyssa, FL 89990",organization
Michelle Heath,001-523-537-3082x2984,"359 Smith Cliffs Suite 263
Jerrytown, CO 79482",other
Alexa Hall,(706)545-6400x75626,"393 Page Shoals Suite 578
West Carolyn, AL 53275",catering
Sharon Villanueva,+1-685-376-1662,"283 Tina Green
Brownborough, OR 00792",security
Ana Ramirez,(035)907-2616x15549,"6703 Glover Hills
West Teresatown, MD 60060",catering
Renee Gaines,340-571-1139x79200,"USCGC Johnson
FPO AA 57562",other
Nicholas Gonzalez,566.649.7272x974,"966 Nelson Route
Owenstown, KS 02817",organization
Alexander Wagner,(533)792-8772,"310 Harding Pike Suite 302
East Veronica, MI 77198",catering
Jacob Gibson,720-997-6563x8576,"10153 Gomez Field
Whiteport, VA 44737",other
Darrell Brown,(703)289-7841x170,"86682 Carrie Wall Suite 314
Harrisborough, RI 89957",security
Pamela Mitchell,747.566.9228x597,"361 Kimberly Oval Suite 023
Abigailstad, NV 24514",catering
Manuel Huff,001-734-361-7849,"894 Harris Manors
North Morganview, WI 65339",security
Debbie Franco,001-603-083-0011,"9159 Suarez Fall Suite 966
North Juan, MO 48715",organization
Jacqueline Willis,028-875-2924x094,"796 Stone Trail Suite 247
East Georgetown, ME 95616",organization
Kevin Irwin,+1-160-022-3639,"388 Gomez Cove
Christophershire, CA 17329",organization
Tamara Hart,699.437.3953x6340,"638 Brandon Tunnel
East Michaeltown, OR 46823",organization
Eric Hubbard,+1-554-670-6579x1633,"74104 Welch Cove Apt. 293
Larsonborough, KS 93303",catering
Michael Robinson,001-966-716-7886x4712,"PSC 4515, Box 9690
APO AA 35991",organization
Jennifer Wilson,(720)404-5168x494,"2652 Garcia Unions Suite 376
East Thomaschester, VT 18501",catering
Eric Jennings,050.001.9064x027,"9074 Davis Fort
Diaztown, CO 19185",catering
Anthony Shaw,(859)696-6877,"2854 Barbara Route
Steeleside, GA 96445",catering
Natalie Allen,4838197587,"74616 Cooper Key
West Abigail, MT 20558",organization
Daniel Moran,+1-510-035-3566x13694,"4831 James Roads
Josephfurt, UT 88549",security
Kelly Smith,745.214.4323,"Unit 3327 Box 2999
DPO AE 65109",catering
Edward Byrd,311.367.4465x00245,"62088 Angela Station
Turnertown, NE 55939",other
Christine Dixon,001-502-298-9335,"0912 Joshua Radial
Marissaville, RI 11301",organization
Vincent Moore,904-335-6929x37262,"015 Taylor Drive
Mitchellborough, ND 89628",other
Rebecca Steele,+1-072-339-6538,"4861 Mackenzie Plaza Apt. 779
Cherylfort, MI 78539",organization
Francisco Johnson,+1-425-801-7687x670,"Unit 6684 Box 0465
DPO AP 29259",other
Kendra Bailey,(231)742-0640x12793,"3297 David Lake
Andersonchester, ND 25655",catering
Justin Johnson,2154066500,"5706 Fischer Villages
Williamsshire, NJ 60941",organization
Amanda Bridges,4419861735,"268 Kathryn Crest Suite 874
Barbarastad, NM 93694",other
Amber Stone,077.652.1408x140,"817 Hull Shore Suite 000
Pagestad, GA 79932",catering
Howard Bauer,245-445-7176x1724,"591 Antonio Port
West Raymond, CO 07720",other
Janet Winters,001-071-975-0259x79489,"3187 Teresa Stravenue Apt. 632
Mcdanielmouth, IN 21827",catering
Chloe Ramos,849.161.0593x593,"0829 Garcia Fork
East Gary, NJ 98793",other
Robert Barnes,097-043-2284x4518,"620 Salas Lodge
Mcgeefort, CT 27195",catering
Bryan Pearson,514-534-9784x63693,"15440 Spencer Mountain
New Markfort, IL 47483",catering
Brian Gay,001-603-782-1761x26177,"07177 Brandy Groves Apt. 980
North Kimberlyport, CT 07844",catering
Denise Walter,8663275141,"520 Carl Mill Apt. 561
South Mary, TN 88537",security
Alicia Lucas,665-727-8392x638,"05119 Robinson Courts Apt. 470
Valenzuelastad, PA 91147",other
Kayla Kirk,9340382153,"548 Christopher River Apt. 654
North Christinaport, NE 92088",security
Carrie Koch,+1-913-868-3412x5901,"968 Dominguez Circles Apt. 486
East Jennifer, AL 10361",catering
Riley Mueller,494.958.1015,"326 Ronald Knolls Suite 244
New Rebecca, NY 95969",other
Ryan Mckay,(410)639-8316x87938,"74706 Kerr Plains Suite 581
Brendachester, RI 34794",security
Dr. Robert Villarreal,490.670.3130x72196,"Unit 9151 Box 7843
DPO AE 02997",organization
Elizabeth King,001-363-007-4488x367,"315 Cory Estate Suite 259
Deanville, OR 69403",other
Susan Park,770.231.7308x0473,"240 Burgess Wall
New Andrealand, ID 11084",other
Nicole Rose,+1-422-298-1341x54242,"PSC 5488, Box 3450
APO AP 66103",catering
Beverly Lewis,847-690-6263x754,"481 Michael Tunnel Suite 746
New Jamesshire, AL 86603",organization
Dean Clark,+1-217-297-2488,"6330 Mcdowell Club
Hendersonmouth, KS 41682",security
Jamie Weeks,(390)924-4865x767,"4118 Johnson Trail Suite 695
New Reneeshire, VT 40863",other
Joshua Combs,(725)378-8459x508,"7361 Massey Plaza Apt. 387
West Michelleborough, KS 67064",security
Isaiah Graves,+1-598-762-7382x100,"45918 Martin Gateway
Lake Davidmouth, FL 92861",other
Julia Williamson,835-406-8869x86305,"38467 Ellis Views
Robertshire, DC 91496",security
Mary Jones,360.388.0420x245,"44629 Baker Lane
Mortonstad, AZ 11977",other
Jacob Gordon,225-821-3597x3276,"4689 Megan Fields Apt. 160
Smithberg, NC 87944",security
Angela Carter,401.794.4615x931,"PSC 8508, Box 7101
APO AA 65239",security
Elijah Ross,214.928.6957,"8642 Brandy Cliffs Suite 990
Danielshire, AZ 55036",other
Kari James,+1-549-893-9778x021,"3214 Joe Lodge
Christianville, NC 73019",other
Amy Yates,701.305.1169x0295,"230 Johnston Knolls Suite 748
Brandyside, FL 36777",security
Jonathan Foster,035.429.7662,"6275 Singh Centers
West Russell, PA 41838",organization
Joseph Schwartz,097-542-3449,"587 Stephanie Trafficway
Port Teresamouth, ID 66295",organization
Darrell Delacruz,+1-965-423-4896x185,"1019 Jesse Canyon Suite 744
Jeremyside, DE 70029",other
William Rice,921.536.8024x04890,"5021 Amy Course Apt. 078
Caseyfurt, VA 32457",catering
Matthew Jones,001-515-428-9805x3783,"PSC 4032, Box 5055
APO AE 51892",other
