p_name,p_phone_number,p_address
Timothy Russell,(199)881-1517,"466 Chen Freeway Suite 849
Valdezview, WY 99933"
Jill Chase,(759)207-4671x397,"335 Weaver Hill Suite 610
Corytown, TX 58155"
Michaela Delacruz,+1-815-647-5575,"368 Delgado Crossroad
Mirandaborough, MA 38830"
Courtney Michael,+1-186-331-6431x045,"445 Jordan Causeway
Lake Elizabeth, IL 27841"
Robert Ballard,3112541751,"4414 Courtney Passage Apt. 502
Lake Phillip, ND 22320"
Andrea Johnson,026-022-2530x921,"46515 Benjamin Camp Apt. 533
West Reginaton, AL 98168"
Evan Welch,543.087.1557,"625 Esparza Light
Samanthahaven, LA 83118"
Eduardo Randall,+1-146-636-6829x24707,"423 Tasha Station Apt. 581
Amandafort, TN 47678"
Raymond Jimenez,879.747.2252,"403 Park Mountain Apt. 804
North Jesseland, PA 30112"
Christian Shannon,202-502-4181x35831,"811 Martin Overpass
South Shanefurt, NE 89780"
Breanna Lewis,428-288-8902,"160 Patrick Neck Suite 296
Moralesshire, ND 48725"
Timothy Robinson,537-900-9440x74154,"9269 David Land Apt. 679
Stephenville, MD 50855"
Joseph Jones,(040)667-0869x22419,"5743 Arnold Village Suite 565
Tamaraside, OH 06608"
Justin Stanley,001-329-338-7407x726,"USNS Roberts
FPO AA 46216"
Anthony Nichols,238-677-4688x01045,"869 Salazar Run Apt. 210
Audreyborough, OK 55384"
Pamela Stein,001-888-335-6301x03611,"5526 Alan Loaf
Brucefort, LA 55366"
Douglas Hill,+1-511-742-2584x00652,"995 Kristen Lights Apt. 488
Brittanyview, MO 26675"
Patrick Martin,501-618-5539,"37736 Kim Centers
Atkinsonmouth, VA 40215"
Carl Robinson,+1-849-884-6883x189,"49819 Donald Fort Apt. 569
New Melissa, SC 54320"
Joseph Rowe,872-968-2999,"390 Tara Village
Barnetthaven, AL 18431"
Terry Adams,312-442-9799x294,"918 Christine Tunnel Suite 249
East Aliciafurt, IN 24394"
Mark Brown,(393)460-0749x083,"0872 Smith Mount Suite 020
Rachelland, KY 82055"
Jessica Bowen,3324056027,"6221 Martin Via
Johnsonmouth, MN 20440"
Matthew Gray,587-336-8717x8843,"91255 Sanchez Expressway Suite 430
North Hannah, NV 35788"
Angela Vincent,810.429.0081x9938,"02417 Parker Keys
West Angela, WA 87188"
Taylor Hopkins,(461)120-9216,"07656 Mercer Plains Suite 886
Sandyville, NC 03212"
Kristin Johnson,103-403-2564,"9551 Alvarez Crescent
New Stephanie, DE 07902"
Jared Forbes,001-534-823-9669x26899,"331 Martinez Ferry Apt. 459
Lawsonmouth, SD 41215"
Brett Salinas,(746)798-1418x27750,"3511 Burton Ranch
Byrdtown, MD 87538"
Mrs. Emily Hawkins,(447)592-2010x4064,"46415 Holly Mills Apt. 472
North Sheliaburgh, AL 31072"
Emma Rodriguez,8038080649,"38746 Chambers Trail Suite 964
West Jennifer, VA 32841"
Shelly Johnson,7448474863,"041 Anita Summit Suite 872
Scottville, CT 44428"
Victoria Brown,413.370.3644x55833,"0909 Hall Light Apt. 712
Hornport, WI 93400"
Linda Nelson,539-630-5491,"30652 Estrada Circle
Evansburgh, UT 41754"
Eric Davis,(296)406-3625,"2270 Wang Forges
East Kimberly, OR 91735"
Melissa Walker,(811)329-3975x4801,"5848 Brown Valleys Apt. 969
North Brittany, NH 96359"
Mandy Holland,871-892-2359x209,"2631 George Corner
East Lucaston, MO 36294"
Jessica Velasquez,+1-594-776-6463x376,"628 Long Corner
Mitchelltown, IN 37336"
Kevin Wells,+1-197-579-1478x5391,"5694 Ramirez Squares Apt. 344
Fergusonborough, CO 04281"
John Norman,521-690-5405,"368 Ellis Ferry Apt. 257
South Erica, RI 73015"
Jordan Williams,2926232242,"89620 Barber Locks Suite 328
South David, DE 24385"
Nathaniel Wise,270.346.9338,"880 Beverly Islands Suite 434
Allenbury, ME 99222"
Randy Atkins,699-273-2737x058,"43379 Jordan Shore Suite 369
South Timothy, NV 14822"
Sara Turner,001-834-171-0887x99336,"PSC 7081, Box 9216
APO AA 67618"
Jerry Farmer,(989)887-9871,"606 Jones Isle
Martinezburgh, PA 05938"
Chelsea Estes,001-522-535-5375x582,"51947 Morgan Mills
East Regina, IA 14415"
Wanda Barry,268.480.5704x264,"1537 Jackson Islands Apt. 971
East Kimberly, WY 76863"
Michael Murphy,515-434-0787,"535 Mata Skyway Apt. 068
Cannonfort, AK 89850"
Daniel Terry,510.184.0439x03830,"1708 Colon Views
Lake Karlstad, VT 05518"
Jason Nicholson,001-402-765-0909,"1925 Brandi Springs Suite 585
Martinville, CO 10801"
Derek Jones,559.386.1300,"962 Amy Plaza Suite 819
East Matthewport, ID 22416"
Angel Roberts,828-144-7555,"8938 Miller Corner Apt. 921
North Tiffany, FL 81276"
Abigail Parker,725-742-2785x3017,"3721 Hampton Center
South Austin, IL 61475"
Rebecca Holmes,001-709-908-4588x1570,"422 Hogan Views Suite 595
South Ritaborough, AL 72266"
Jeremy Phillips,(884)659-9570,"22134 Kelly Forks Suite 009
Port Isaac, NE 77638"
Amy Brown,+1-542-498-3917,"1955 Steven Route Suite 758
New Stephenchester, DE 63171"
Shawn Morgan,(619)740-8581x4235,"12530 Mark Via Suite 009
Nelsonton, WI 07121"
Holly Spencer,821.832.3889,"USNV Mccormick
FPO AP 43677"
Joy Richardson,145.472.6099,"115 Wallace Points Apt. 963
Danielleport, ID 45523"
Matthew Mahoney,565.947.1987x64829,"480 Gary Turnpike
North Taylorshire, TX 13239"
Edwin Bowen,980.164.6395,"65716 Charles Court Apt. 583
Nathanview, OK 57680"
Robert Flores,247-968-3183,"PSC 3103, Box 6005
APO AA 62888"
Mrs. Elizabeth Romero,+1-737-970-3167x544,"6958 Morales Garden
Fitzgeraldburgh, MT 68593"
Debbie Brown,082.340.2082,"514 Shannon Forges
East Gregory, PA 66316"
Alejandro Williams,018-010-2593x922,"7182 Hernandez Green
Lake Ashleychester, NC 24408"
Juan Weber,001-617-693-5009x929,"396 Ayala Points Suite 077
West Christinashire, PA 89628"
James Lang,675.711.3221x2371,"91697 Roberts Villages
West Kristi, VT 45165"
Sean Anderson,(527)405-2193x279,"3266 Michelle Trafficway Suite 624
Port Misty, CT 52376"
Lauren Wright,001-405-413-0267x581,"953 Martinez Key Apt. 760
Patrickmouth, MO 72816"
James Tran,038-364-8302x412,"PSC 4038, Box 4818
APO AA 32408"
Rebecca Lee,437-466-8614,"4019 Fleming Terrace
New Gwendolynport, CA 87217"
James Davies,(399)740-3900,"8577 Kim Hills Apt. 571
Lake Nancyburgh, IN 11602"
Stephen Briggs,132-434-5656,"02308 Jacob Vista
West Adriana, VT 69266"
James Ryan,001-340-083-4794,"3047 Sawyer Plaza Apt. 560
Lake Bryan, NC 60682"
Jennifer Harrington,001-404-568-3363x09619,"77294 Johnson Shore Apt. 495
Allenberg, OR 54162"
Kristi Horne,(815)059-5735,"985 Christopher Track
South Karina, VT 59265"
Zachary Newman,954.596.1927x149,"68925 Salas Streets Suite 781
Lake Glendaland, TX 71315"
Kimberly Jordan,001-500-603-4808,"547 Johnson Branch Apt. 871
Davidside, AR 67498"
Steven Riley,723.626.5902x705,"45106 David Island
New Jose, SC 02048"
Jennifer Bryant,001-379-428-7736x2266,"017 Holt Glens Apt. 295
New Nancychester, KY 19190"
James Rodriguez,001-445-284-4122,"6933 Karen Ways
Wheelermouth, TN 54316"
Tyler Cherry,+1-313-841-9629x5008,"Unit 8188 Box 5687
DPO AP 13418"
Nicole Austin,332.267.2618x93198,"9923 Howard Crossing
West Brandiburgh, ME 93713"
Tracy Sloan,701-077-5831,"774 Vargas Greens
West Mariaville, TN 98754"
Melanie Hodges,069-975-1539x0788,"673 Maldonado Flats Suite 170
West Josephmouth, VA 70708"
Casey Young,(234)199-7017,"86281 Taylor Bridge Apt. 668
South Valerieside, MT 90930"
Victoria Green,879-901-5861x9636,"1810 Diane Shores
Kaneview, MA 24606"
Glen Clarke,312-777-5575,"7733 Ricardo Harbor Suite 315
Lake Joanne, MO 81085"
Ann Smith,032-875-8087,"1749 Jenna Fort Apt. 505
Meredithside, KS 66243"
Michael Schroeder,001-805-233-5386,"94646 Smith Port
Lake Juanland, NC 83206"
Christina Rodriguez,(053)576-0070x3096,"146 Anthony Ranch Suite 245
West Meganburgh, WY 82394"
Laurie Cooke,649.157.4377x829,"52271 Hawkins Walks
Port Harry, UT 38805"
Pamela Patton,001-141-027-9393x4075,"Unit 7189 Box 6882
DPO AP 26639"
Brenda Gardner,+1-502-664-1744x38784,"537 Stephen Lights
West Abigailville, NV 00738"
Michael Valenzuela,001-037-659-3780x639,"PSC 8901, Box 3989
APO AP 06831"
Anthony Carpenter,001-436-165-4158x154,"07508 Beard Islands
East Bryanfort, ND 70488"
Christopher Pham,001-480-809-4959,"95145 Wheeler Village Apt. 824
Lake Kelli, ND 14777"
Melissa Adams,750-523-4548,"1661 Rhonda Pine Suite 939
East Peter, CO 58436"
Christine Madden,(443)161-1640,"60258 Mccullough Corners Apt. 249
Raybury, AZ 03382"
Joel Parker,001-659-703-9043x209,"540 Burns Springs Suite 523
Lisaview, NM 24518"
Michael Ingram DDS,482-919-4500x6897,"373 Richardson Freeway
Fernandezshire, MS 43406"
Belinda Kirk,001-787-778-5359x86947,"8968 Mary Harbors
Lake Jerome, NV 55609"
Laura Howard,870.882.5548,"67293 Allen Trail Apt. 665
Alexborough, MN 78494"
Amanda Lewis,+1-041-368-1020x3446,"USS Liu
FPO AP 94377"
Nicholas Doyle,+1-273-311-6976x635,"6436 Melissa Union Suite 665
North Benjaminshire, MA 53169"
Brian Davis,+1-581-269-6203,"694 Rodriguez Landing
Parksborough, OR 42037"
Tina Cantu,+1-277-045-9043,"0383 James Stream Suite 275
Steveton, MA 12920"
Nicole Morris,669-485-0933x22204,"1516 Anita Ramp
New Meganhaven, IL 97821"
Charles Hernandez,0558630061,"5563 Turner Crossroad
Parkmouth, DE 82430"
Robert Robinson,001-919-459-3477,"7335 Daniel Row
Hoopershire, AR 96228"
Anthony Hines,434-516-7795x388,"9601 Jennifer Greens
Cameronhaven, DE 13814"
Stephen Rodriguez,(710)118-5232,"26654 Nunez Vista
North Frederickport, NE 47424"
Lance Holmes,333-217-9989,"816 Raymond Key Apt. 641
Catherinefort, ND 64723"
Steven Perry,213-195-1004,"6485 Scott Crest Apt. 315
West Jasonmouth, OR 64577"
Joshua Douglas,4833695480,"7398 Jason Via Apt. 541
Ashleybury, LA 65304"
Virginia Williams,+1-755-576-0349x6808,"957 Daniel Burg Apt. 720
Barkerfurt, MN 80250"
Kristie Flores,256-831-9524,"60765 Smith Court Suite 594
Sandrashire, SC 26898"
Kristen Evans,261-632-2230,"08730 Castro Knolls Apt. 905
East Matthewburgh, MO 16996"
Teresa Barr,001-706-504-6464x40851,"291 Haney Views
West Stephanie, WI 46857"
Kari Williams,303-863-8584x1186,"7614 Stephanie Lights Suite 642
Lake Amber, OR 26169"
Zachary Moore,533-887-0641,"9772 Jones Gateway
Monicaport, TX 34230"
Debra Harper,+1-817-890-4639,"822 Marcus Shoal
Kimberlyfort, MA 26418"
Jaime Moore,001-017-798-4079,"95020 Leah Canyon
Perrystad, OK 05291"
Sean Randolph,(516)285-6907x456,"649 Laura Ford Apt. 252
Thompsonberg, ND 61475"
Jessica Martin,(828)734-9183x1937,"438 Johnson Crossroad Apt. 892
South Erinhaven, TX 33731"
Ryan Walters,001-385-581-8891,"0118 Gomez Plain
North Brianport, IN 60377"
Alicia Williams,532-349-2778x359,"88575 Smith Terrace Suite 812
Whiteheadstad, ID 25795"
Gina Vang,(469)102-1711x267,"72972 Lynch Bypass
New Amy, NE 94370"
Tina Pratt MD,001-163-198-1384,"Unit 2256 Box 7431
DPO AA 22350"
Nicole Vega,806-759-4365,"64473 Ann Hollow Suite 678
West Scott, ME 02637"
Derrick Graham,001-408-780-1488x4416,"76944 Hernandez Islands
Tylerburgh, TX 15021"
Christopher Greene,122-512-3428,"328 Carlson River Apt. 114
West Christopherberg, UT 61582"
Walter Richard,(159)341-7028,"696 Arellano Dam
East Jennifer, DC 15359"
Misty Boyd,732-899-2092,"0440 Reid Mountain Suite 735
Smithbury, NH 61448"
Samantha Walker,001-135-306-4383x718,"USS Wilson
FPO AE 98613"
Ronald Rodriguez,222-258-8577,"83439 Robin Falls
Lake Benjamin, MA 32683"
Daniel Santiago,+1-429-170-1614x9715,"719 Philip Trace Apt. 364
South Ray, CO 70916"
Jeffrey Neal,(582)254-3252,"232 Thomas Manors
South Jason, VT 32210"
Anita Hudson,3118367954,"240 Paul Landing Apt. 937
Sandersmouth, ME 75635"
Patrick Valencia,019-121-0004,"652 Nichole Hills Suite 521
Darrellland, NE 02565"
Jorge Sullivan,(078)876-3568x39492,"77927 Lee Squares
Lake Rickeyside, MO 83017"
Jessica Brewer,758.546.0956x7559,"PSC 6382, Box 9347
APO AA 73785"
Robert Rogers,001-866-605-2595x60779,"33454 Melissa Spurs Suite 114
South Melissa, AR 50047"
Brian Mcgee,001-219-995-9476x130,"17044 April Junctions Suite 230
Gregoryfort, ID 76850"
William Williams,(692)247-8064x42617,"760 Ryan Freeway Suite 664
New Connor, MT 09725"
Catherine Miller,344-630-7372,"716 Lisa Dale Apt. 935
Stonechester, IA 45284"
Michael Horton,(665)893-7378,"114 Lisa Dale
Kathleenmouth, FL 41714"
Michael Glenn,(561)583-2024x35455,"USCGC Fischer
FPO AA 51130"
Robert Richardson,207-929-8029,"15935 Andrew Light
Amandastad, OR 26638"
Kathy May,(198)035-7096,"54161 James Pines Apt. 763
Thompsonmouth, UT 90174"
Erin Hayes,+1-701-231-2276,"6826 Hill Islands
Robertburgh, NH 07282"
Sarah Hernandez,2780231014,"70738 Lowe Expressway
Meghanport, DC 06856"
Glenn Sims,(070)351-5971x49431,"7634 Sarah Cape
New Davidtown, IA 29121"
Hunter Patel,721.119.7849,"496 Melinda Walk Suite 979
Lynnville, KS 73693"
Lisa Scott,+1-533-785-2173x32057,"7543 Frost Brook Suite 536
Lake Donna, MO 86295"
Thomas House,376-142-6883,"103 Alexander Union
Bartontown, TN 82850"
Michelle Henson,271.748.8511x53305,"68806 Stevens Expressway
West Mariaport, IN 14092"
Debra Scott,001-683-474-2654x1685,"1958 Robert Heights Suite 573
Lake Christopher, IA 04214"
Judith Sherman,583-638-9085x1223,"0697 Gardner Fort
East Tanya, AZ 03080"
Christopher Yang,(927)035-8303x283,"392 Moreno Summit Apt. 387
Harrisland, RI 08949"
Levi Wilkerson,+1-974-286-9136x4311,"6316 Aaron Lodge
South Nataliemouth, AK 51456"
Matthew Singleton,001-587-320-2509x087,"09886 Miller Ports Apt. 458
Amberstad, OR 32784"
Samuel Green,+1-324-226-6151,"Unit 3842 Box 4073
DPO AA 74057"
Christopher Pitts,2397041213,"10740 Reid Prairie Suite 659
Davisstad, NH 44581"
Brett Roth,(917)531-3439,"26095 Lee Locks
Williamburgh, MN 81897"
Makayla Williams,352.520.4137,"3260 Thompson Landing
Tinamouth, IL 61118"
Stephen Ellis,+1-421-133-4338x57392,"47214 Powell Crest
Heatherbury, MS 31510"
Melissa Young,001-649-179-0749x526,"5980 Jones Meadow Apt. 434
North Steven, NM 13751"
Catherine Townsend,+1-375-477-6824x8962,"PSC 1650, Box 1972
APO AE 21051"
James Potter,001-186-460-4266x91224,"PSC 2498, Box 6167
APO AA 99501"
Barry Richards,001-549-298-0736x30453,"8820 Jennifer Loop Suite 560
Garyburgh, WA 46499"
Sarah Zimmerman,986.149.2998,"34256 Hickman Stream
Hernandezburgh, NV 57984"
Michael Hernandez,(423)253-2653x7599,"15920 Mitchell Field Suite 696
West Craig, CT 68570"
Suzanne Roman,(612)020-5886,"15640 Cheryl Vista Apt. 045
Walkerton, MI 64643"
Connor Jones,745-095-5274x674,"1518 Brian Shoal
Kevinview, NY 97230"
Charles Keller,(765)380-5481x75390,"34871 Garcia Greens
Markville, TN 46055"
Heidi Ellis,(404)209-3680,"2695 Melissa Cove
South Travisport, HI 97206"
Melissa Ferguson,(941)868-6440x154,"81841 Arnold View Suite 151
North Michelleville, HI 93799"
Nicholas Fisher,+1-926-281-5114x69419,"277 Mark Lights
Cherylstad, MN 49704"
Nathan Garcia,6010041325,"252 William Dam Suite 279
West Danielton, WI 89071"
Crystal Baxter,593-056-1505x464,"64156 Camacho Causeway
Lopezton, AK 73224"
Samantha Davis,1390697197,"2420 Roberts Fall
Rogershaven, TN 23263"
John Todd,573.435.6921,"4205 Ronald Ramp Suite 069
Nicholasstad, IL 42417"
Robert Ryan,(922)697-7587,"7974 David Drives Apt. 768
Port Heather, TX 58347"
Joshua Martin,498.603.1523x2297,"61750 Martinez Points
Jonesport, SD 91869"
Erin Bryant,180.691.9646x7104,"926 Ricky Crest Suite 660
New David, SD 38590"
Valerie Wright,326.398.7352,"19395 Amanda Causeway Apt. 515
East Williammouth, SD 48831"
Michael Cortez,839-688-4850x48655,"61184 Blair Station Apt. 338
Kingland, OK 42962"
Jennifer Hughes,873.569.0775x6037,"PSC 5576, Box 9286
APO AA 60261"
Michelle Chapman,440-169-4895x59179,"722 Manuel Meadows Apt. 061
South Nataliefort, LA 72495"
Andrew Sanchez,4231739120,"3888 Paula Mountain Suite 005
Frankfurt, IA 95199"
Pamela Yu,003.614.3842x1955,"72616 Jason Trafficway Apt. 621
Port Lisa, MI 98014"
Mr. John Sanders,+1-732-958-5057x24265,"28160 Cynthia Estates Apt. 988
Tammymouth, MD 49828"
Todd Spears,371-641-5439x33376,"1669 Matthew Oval Suite 093
Josebury, SC 53752"
Brett Gonzalez,456-154-1435x5640,"20657 Hoffman Crossroad Suite 120
New Alexis, UT 17852"
Dr. Charles Hunt,+1-896-577-4441,"35920 Fox Glens
East Davidport, OH 98894"
Kristen Smith,+1-871-870-9141x048,"675 Richardson Forge Apt. 652
Jimmybury, MI 83870"
Jonathan Yoder,843.318.6479x427,"0540 Frederick Orchard
Josephton, NM 36732"
Lee Ortiz,001-497-907-2711x46723,"670 Richardson Cape
Benjamintown, MN 60139"
Michelle Robinson,349.395.0975,"0954 Jennifer Haven Apt. 882
East Megan, MN 14355"
