p_name,p_phone_number,p_address,hourly_rate
Brian Nash,609-222-2277x5714,"376 Carrie Branch
Robinsonhaven, NY 16818",40
Jeffery Wood,+1-381-781-4520,"1687 Jesus Prairie Suite 023
Thomashaven, ME 67304",31
Christopher Evans,(515)025-9237,"Unit 4777 Box 9916
DPO AA 56036",30
Billy Bright,(291)706-5498,"PSC 3696, Box 2169
APO AA 86813",18
Kara Thompson,429-705-1236x85508,"7453 Jeffrey Haven Apt. 899
Amymouth, FL 03221",21
Robin Moore,(109)012-3761x518,"045 Gray Rest Apt. 885
West Mark, IN 20028",49
Joseph Miller,001-400-366-7141x09592,"62065 Orr Estates
Jefferyhaven, DC 48408",23
Robert Myers,001-164-927-4885x5657,"39799 Hernandez Gateway
Julieview, IL 98328",25
Michael Simmons,013.783.1297,"414 Kimberly Branch
East Calebhaven, CT 36779",38
John Snyder,374.861.8372x2719,"3279 Long Extensions
Ryanland, UT 29296",39
Brandon Church,+1-962-954-5752x4690,"86867 Duke Mission Suite 224
Anthonyland, TX 44473",42
John Hayden,+1-635-409-7060x71466,"686 Michael Dam Suite 018
Kelliport, MS 80577",38
Samuel Blake,+1-460-473-7209x0068,"6168 Michelle Station
East Keith, IL 40188",31
Thomas Figueroa,(982)822-3183x728,"020 Laura Extensions Suite 710
Timothymouth, ID 57745",47
Dr. Troy Roberts PhD,001-671-656-2077x989,"596 Davidson Gateway
Port Matthewland, VA 90587",28
Samantha Miller,5811188670,"469 Jessica Loop Suite 450
Adamport, MS 65394",22
Michael Kramer,001-466-327-8987x339,"79103 Samantha Mews
Lake April, NH 83943",46
Caleb Gonzalez,5158882106,"155 Travis Court
New Amber, MO 54015",18
Ricky Jones,+1-693-837-5730x052,"5134 Huang Land
North Jennifertown, VT 15851",47
Amanda Brooks,+1-988-411-7560x4291,"PSC 6565, Box 5617
APO AE 94829",36
Jessica Mckinney,852.775.6292,"355 Miranda Rapid Suite 479
Brownville, ID 28718",16
Dr. Kimberly Schultz,001-226-480-8537,"USCGC Grant
FPO AA 60489",31
Jessica Gallegos,+1-317-659-5081x06269,"01277 Bennett Circle Apt. 246
Brianton, DE 68012",38
Lisa Gonzalez,438.982.5747,"8916 Lisa Trail Suite 130
Barbarastad, LA 23111",21
Danielle Hill,(339)680-7426,"0165 Kimberly Springs Apt. 537
East Randallshire, OR 66432",24
Christina Jones,001-731-677-1817,"58657 Leon Inlet Suite 319
Lamland, OH 61738",31
Savannah White,(970)605-6003x0848,"88584 Samantha Springs
Dixonborough, AL 32568",24
Mark Gibson,575-688-5046x322,"750 Tracy Path Suite 990
Fieldsmouth, AL 44433",21
Tara Ortega,001-064-045-9475x5357,"464 Smith Underpass Apt. 805
Laneberg, GA 12600",29
Hector Fields,1173520594,"726 Baker Vista Suite 131
Stonemouth, MI 42629",26
Jeremy Smith,+1-434-977-0083,"462 Werner Avenue
East Stephanie, AR 66883",49
Susan Gilmore,+1-865-363-6668,"61098 Yates Forges Apt. 561
North Phyllis, SC 56776",42
Susan Mills,001-934-589-0462x45917,"84487 Diane Extensions Suite 411
Douglaschester, IL 85267",38
James Cruz,001-608-020-0488x404,"USS Bryant
FPO AE 33614",21
Mark Allen,670.470.2696x864,"1398 Ashlee Isle
Rogersstad, WV 44084",50
Courtney Jensen,754-372-0021x4205,"103 Burnett Harbor Suite 324
Williechester, NY 90762",43
Dwayne Hampton,798.860.9233x8842,"523 Becker Shore
West James, ID 37576",16
Christopher Lewis,001-024-074-2311x5045,"3828 Roberts Dale Apt. 742
Zacharyland, DC 59911",29
Teresa Ford,641.791.1257x0428,"2122 Jeff Ford
Lake Jessica, MS 82984",27
Allen Morris,001-008-444-2184x718,"69928 Alejandra Squares Apt. 626
Port Karenmouth, DE 49245",35
Hailey Foley,089-956-7876x493,"149 Shelton Locks
North Carrie, NH 38141",38
Christopher Ballard,062.910.9670,"391 Jason Trail Apt. 840
Lake Jose, KS 94358",18
Erin Velazquez,688.070.9551,"387 Earl Parks Apt. 977
New Shannonview, KY 97226",50
Ashley Foster,(047)072-6817x4985,"23089 Bennett Lake
East Michelleland, UT 73222",27
Robert Richardson,753-097-7919x618,"282 Taylor Alley Suite 586
West Desiree, MI 15128",15
Donna Hogan,+1-832-975-9096,"8577 Anna Throughway Apt. 207
Carterland, TX 73408",37
Joshua Decker,648.972.8325x52603,"66008 Matthew Islands
South Lorraine, NY 34396",44
Margaret Ingram,097.815.0417,"598 David Unions
East Wandaland, CT 52295",41
Mitchell Hamilton,+1-057-367-3395x4407,"7190 Watson Bypass Suite 044
Scottshire, AL 26111",25
Kevin Miller,735-176-2586x6653,"97856 Aguilar Keys Apt. 139
North Sharontown, TN 27028",50
Erin Allen,463.280.8552x36235,"30607 Nelson Terrace Apt. 348
Anatown, CA 58751",16
Amanda Wright,001-122-814-5809x4992,"147 Cochran Crest
Dylanshire, WA 15421",35
Sara Moore,001-470-126-3363,"7305 Owens Isle
Courtneyhaven, NH 21784",28
Joann Hall,001-470-572-7568,"7827 Henry Course Suite 268
Port Lauren, DC 66375",22
Randy Sims,(511)606-6731x84118,"37511 Owen Course Apt. 795
North Laurie, NV 56260",36
Jacqueline Davis,072.783.3127,"3605 Willis Village
East Debra, LA 65559",21
Nicholas Foster,001-290-713-0447x728,"983 Dustin Neck Apt. 655
Burtonstad, AR 90670",30
Melissa Morales,250-820-7000x762,"Unit 2791 Box 0265
DPO AE 89241",32
Stephanie Lee,001-331-859-0902x7334,"USNV Lopez
FPO AP 75570",42
Nathan Moore,841.014.8897x10711,"7580 Christian Curve Suite 541
Roblesstad, IL 36199",30
Brian White,3166103630,"054 David Skyway Apt. 478
East Markbury, OR 87429",26
Victor Rodriguez,419.468.3871,"141 Samuel Valleys
Lake Hannahland, NV 44541",35
Wanda Krause,778-562-7753x7187,"11747 Gardner Rest Suite 069
Hartmanville, LA 17635",35
Tina Knight,001-917-904-5956,"Unit 4678 Box 6082
DPO AE 50607",27
Danielle Torres,+1-809-512-4286,"619 Washington Turnpike Suite 395
Carrside, WY 58185",32
Patricia Kelley,+1-627-704-0971,"PSC 0306, Box 4600
APO AA 91769",22
Corey Mills,798.698.0853,"932 David Harbor Apt. 787
Parsonsmouth, IL 01875",46
Victoria Williams,001-533-706-0227,"4627 Steven Lodge
Port Frederick, AK 52926",15
Keith White,883.997.5370x714,"5926 Thompson Canyon
New Luke, ND 29580",44
Michelle Fields,916.661.5633,"6274 Charles Via Suite 689
New Rogerland, OR 44216",44
John Ware,001-653-363-6189x23987,"16212 Vasquez Manors
Ashleyside, MD 17876",25
Peter Garcia,231-913-5810,"674 John Fort
Nathanside, NY 24539",18
Charles Allen,001-757-508-1153x50581,"7112 Megan Loop Apt. 889
Vegamouth, AR 52932",19
Paul Howard,399.064.6172x150,"Unit 3036 Box 4285
DPO AE 43226",48
Dan Clark,001-721-367-4953x1199,"89528 Alexis Trail
North Arthur, MO 77748",43
William Hayes,+1-923-583-4781x316,"1022 Hall Mountains
East Sharonborough, NY 30201",50
Robert Cook,+1-684-088-9853x9202,"4479 Melissa Pike Apt. 652
Greenton, SC 96552",29
Keith Rose,(503)515-7399x86673,"57353 Nash Corner
Port Debra, AL 09461",43
James Green,001-092-954-9802x838,"241 Lauren Streets
Mauriceberg, PA 18809",42
Derrick Mitchell,+1-333-691-1509x760,"95976 Marcus Port Suite 550
North Daniel, PA 01667",18
Elizabeth Richardson,559-691-4579x1501,"15983 Clark Loop Apt. 147
South William, AK 34350",47
Andrew Washington,001-152-101-0960x861,"USS Watkins
FPO AP 90523",34
James Lin,177-891-5276x7365,"25568 Luis Overpass
Davidbury, DE 77419",40
Lauren Smith,145-603-8099x596,"934 Adam Locks
Harrisonburgh, ND 95313",25
Benjamin Powers,001-603-821-0809x3953,"4637 Frazier Burgs Suite 181
Port Samuel, HI 17410",15
Matthew Tyler,+1-656-570-2975,"Unit 4510 Box 0498
DPO AP 48263",41
Megan Mcdonald,001-314-777-1322x491,"8436 Amber Locks Apt. 101
New Sandra, NH 09894",33
Allen Dixon,001-140-551-0765x55048,"240 Todd Radial Apt. 396
East Gregoryhaven, DE 78287",24
Eric Gutierrez,+1-292-711-5558x221,"24654 Stephanie Turnpike
Megantown, SC 67604",35
Justin Moore,966.555.0053,"592 Andrew Course Apt. 078
Raymondview, WY 73560",19
Anna Lowe,001-999-867-5468x0398,"039 Sarah Ferry Suite 699
Pierceborough, DC 48786",30
Ryan Cole,837.713.6963x28664,"455 Dennis Ramp
East Robertland, UT 65737",25
Lisa Wright,456-222-8015x996,"0240 Karen Drive
West Robertville, NY 26023",40
Christopher Escobar,001-399-019-2627,"422 Harmon Expressway Suite 939
New Leslietown, MI 00886",21
William Brown,490-984-0088,"411 Mueller Groves Suite 172
Beasleybury, NJ 50355",17
Stephanie Newton,752.097.9923,"PSC 4243, Box 3835
APO AA 28838",24
Brandon Green,001-350-849-2879x6020,"6325 Robinson Club
Shawburgh, ND 69934",37
Hannah David,245.517.6816x5750,"815 Baxter Bypass
Joannastad, MN 06981",21
Helen Baxter,001-910-998-8380x62901,"1456 Freeman Club
Michaelshire, OK 50780",47
Jacob Swanson,+1-831-981-5993x1125,"82346 Lisa Burg
New Kelly, WA 91336",31
David Davis,430-524-1218,"68298 Nicole Forges
Foxshire, NV 62558",43
Erin Barrera,001-460-911-7058x29620,"240 Jacob Pine
North Jasmineburgh, IL 19157",17
Sharon Harris,845.678.8446,"50978 Brennan Corners
Stewarttown, AR 39349",48
Ashley Howard,674-598-3792x29514,"8292 Nicole Crossing
Molinaville, LA 43910",47
Melinda Baker DDS,3373276318,"61519 Acosta Port
Peterview, GA 29235",16
Bridget Knox,958.221.3088x33225,"8998 Martin Fall
East Rebecca, WI 71267",32
Cynthia Kramer,895.038.1901,"Unit 0965 Box 6668
DPO AP 18023",19
Pamela Owen,557-771-4358x942,"55402 Jenkins Street
Sanchezmouth, SC 66177",27
Claudia Bennett,+1-447-210-2388x08597,"3102 Karen Haven Suite 488
Matthewport, VA 42098",49
John Miller,6656051852,"744 John Ridges
East Sandraport, MT 74262",26
Heidi Hill,6242678326,"957 Smith Centers
Port Joseph, CT 65417",38
Tammy Moreno,124-070-5576,"7751 Hoffman Knolls Suite 223
North Anthonyton, OR 84223",46
Daniel Le,848-610-8064x18207,"2491 Robert Pines Suite 152
North Alison, UT 53740",34
Jerry Williams,(710)996-7665,"USS Cortez
FPO AA 40091",37
Teresa Perkins,7542259010,"90028 Moon Course Suite 246
North Kennethmouth, TN 69443",23
Jennifer Cochran,001-571-374-2564x1842,"9641 Grant Inlet
Chavezhaven, NJ 89950",45
Michael Zamora,001-766-967-1248,"72200 Gregory Springs Suite 013
Ortizchester, OH 38743",30
Maria Young,527-608-5259x62789,"884 Kaylee Court Apt. 273
Michaelview, DC 34350",50
Miguel Castro,676-315-0831x46534,"USNV Owens
FPO AA 87882",44
Stacey Berry,939.939.3947x5588,"9029 Derek Stravenue Apt. 550
South Susanbury, WY 27815",19
Brandi Bell,+1-424-131-8569,"5141 Medina Path
North Heather, GA 85813",37
Ronnie Bullock,(463)778-1194x288,"7962 John Isle Apt. 391
Maryland, NC 57573",47
Javier Byrd,001-758-636-8547x59345,"62752 Cooley Center
Garcialand, HI 00746",43
Julia Cochran,967-440-2217x7016,"0369 Lee Knoll Suite 580
Jacobsonfurt, VT 57909",24
Valerie Golden,3481290732,"7251 Anna Fords
Carrland, GA 82118",15
Eric Williams,375.597.7121x921,"84301 Perez Gateway
Bowmanburgh, IA 90780",36
Tony Taylor,(061)683-7576x062,"76477 Mathew Ville Apt. 137
Lynchburgh, WY 77005",25
Mrs. Dominique Kelly,311-981-1371x01873,"940 Jon Gardens
Lake Scottshire, OR 22679",21
Anna Thompson,+1-748-841-8999x228,"46343 Jared Corner
Port Veronicabury, MS 78619",20
Debbie Woodward,(362)101-6541,"8708 Reeves Pass Suite 045
East Biancaside, SD 71898",33
Joshua Chase,001-986-798-9502,"76460 Hernandez Radial
Port Marystad, ME 59554",40
Angela Schultz,(086)514-3536x991,"479 Russell Spurs
North Brittanymouth, TX 18736",50
Erin Ross,272.932.5850x234,"900 James Ramp Apt. 362
West Katelyn, OK 52276",31
Christopher Smith,745-458-6472,"92440 Lewis Forest
Kennedyfurt, AR 52249",20
Robert Carr,(381)257-8790,"838 Todd River Apt. 819
Evanmouth, OR 36176",45
James Butler,965.298.9497,"8799 Edward Village Apt. 988
Singhville, NC 97650",30
Crystal Barker,883-458-3667,"PSC 8511, Box 1147
APO AP 40088",21
Jason Blankenship,(237)338-5235x9828,"363 Taylor Key
Hahnmouth, HI 65630",19
Antonio Stevens,253-653-7347x75628,"0040 Jessica Corner Apt. 233
Theresastad, KS 56040",17
Yesenia Young,224.723.1771x014,"36932 Reed Falls
North Patrickton, WA 85866",23
Audrey Thomas,491.743.3239x485,"4429 Peck Knoll
South Robertberg, AR 42534",39
Amy Garcia,(839)243-9556,"84915 Charles Extension Apt. 531
South Michaeltown, VT 38123",35
James Singh,+1-523-960-9521x449,"1628 Duarte Rest Suite 590
Charlesside, NE 24107",28
Scott Barrett,001-237-268-1403x2391,"6286 Angela Overpass Suite 997
Donnaburgh, ID 69750",20
Justin Palmer,(374)707-4325x48976,"88053 Rollins Crossing
Rachelborough, MN 63183",35
Chase Johnson,267.654.2719x597,"37123 Brittany Bypass Apt. 398
Drakemouth, NC 28648",21
Shannon Cole,671-650-8166x7356,"19423 April Inlet Apt. 822
Lisaburgh, NE 94064",36
Krista Powell,145.745.9750x7777,"PSC 5319, Box 4679
APO AE 37677",32
Bryan Clayton,865-767-4101x08407,"85156 Owens Stravenue
Port Carriechester, AL 89777",32
Joseph Harris,+1-758-802-0440x92014,"5925 Meyer Mountain Suite 758
Port Susanhaven, WI 35700",48
Justin Garcia,(638)339-1075x013,"949 Ward Gateway
West Toni, IN 74875",19
Sharon Reed,(161)667-5144x1328,"466 Megan Parkway
Ariasborough, KS 15297",26
Stephen Hicks,748.583.7520,"1121 Blake Tunnel
Wrighttown, WV 93201",25
Alexis Morris,(573)432-1429x19168,"Unit 3498 Box 3107
DPO AA 28727",22
Chloe Anderson,(560)990-1576,"84110 Collier Springs
Port Catherineview, NV 70167",46
Kristen Davis,001-311-569-0768x865,"0975 Smith Springs Apt. 910
Johnsonstad, RI 70354",40
Alexander Garcia,964.336.2951x30816,"495 Stephens Squares
North Jorge, KS 56149",23
Curtis Sellers,965-263-6518,"13716 Bass Gardens Apt. 319
Rileyshire, KS 02282",15
Sarah Bautista,199-231-2819,"8724 Chad Ports
East Luisport, IA 24757",43
Thomas Frost,+1-646-361-6234,"4635 Danny Hill
Port Mark, IL 71190",43
Tyler Williams,001-180-394-2179x697,"171 Bond Expressway
Silvafort, CA 03683",28
Andrew Anderson,(818)493-3903x5248,"98561 Aaron Creek
Silvaberg, WY 83291",35
Jasmine Clay,(692)305-7600x841,"498 Warren Villages Suite 012
East James, MS 23032",17
Diana Russell,510.327.4503x1926,"7882 Grant Forks
West Jonathanchester, OH 99540",43
Jennifer Burch,+1-293-223-1787x644,"1589 Christine Springs
Chadmouth, MO 23101",32
Joshua Anderson,(458)623-9006,"2357 Matthew Trace Apt. 010
New Bobby, VT 85480",24
Matthew York,(598)576-7619x466,"639 Johnson Isle Apt. 783
Benjaminfort, WI 77294",42
Janice Phillips,1844387352,"Unit 3944 Box 1141
DPO AE 42786",47
Gary Jones,001-092-048-2064x076,"13105 Martin Orchard
Port John, MS 98273",16
Nicholas Stanley,427.608.1973,"45622 Johnson Crossroad
South Kayleeview, PA 38810",22
Jose Garza,5766603531,"0115 Linda Trail Suite 262
South Pam, OK 06073",44
Stephanie Moses,(623)381-1895x61055,"92132 Snyder Drive
South Kimberlymouth, OR 81222",40
Kathleen Carlson,936-345-7143,"4440 Jones Extension
Martinport, ID 37938",37
Michelle Page,134-752-7781x217,"Unit 9102 Box 2960
DPO AE 10947",24
Jesse Hoffman,283-856-7725x69230,"1729 Mary Row Apt. 871
Rachelville, VA 96754",20
Joseph Smith,551.169.9501x45389,"899 Barker Circle Suite 007
Mooremouth, HI 21636",23
Stephanie Moore,(170)361-6089x676,"82646 King Meadows Apt. 066
West Theresaburgh, CA 39052",47
James King,747.400.6688x4576,"1423 Kyle Mountains
South Jessicamouth, HI 77451",38
Austin Higgins,001-285-858-2961x846,"96670 Cunningham Tunnel Apt. 375
Port Angela, AL 37780",26
James Fischer,(724)982-1328x72173,"84047 Dawn Shoals
Matthewside, MA 13010",33
Angelica Todd,346.606.6884x7413,"07862 Myers Trail Apt. 179
Charleston, WA 85158",28
Michael Hines,666.029.5121,"91059 Brooks Wells
North Jeanbury, NH 15873",29
Jason Martinez,8180944062,"98814 Smith Road
Haleybury, NC 25397",17
Donna Davis,1044373163,"3429 Timothy Branch Apt. 731
North Paulaport, IA 50408",17
Chad Levine,+1-459-501-5969x934,"68526 Wade Vista Suite 156
Gomezville, IL 68565",49
Beth Diaz,+1-221-350-9533x7938,"308 Andrea Island Apt. 458
North Rebeccabury, CO 74913",24
John Smith,189-720-3236x943,"5472 Taylor Village Apt. 503
North Thomas, IN 91756",30
Amy Mack,(381)899-6220x009,"8610 Phillips Underpass
Terryton, AK 80332",46
Madeline Thomas,001-961-867-6289x05533,"41204 Stephanie Rue
Taylorfort, IN 06158",27
Austin Quinn,+1-962-864-0224,"3990 Fred Landing
Robertburgh, KY 69434",28
Mary Jones,001-354-310-0025x77332,"01978 James Burg Suite 159
East Roberthaven, KY 68207",19
Bradley Smith,037-345-5786x842,"537 Baker Wall
New Brandy, MI 32143",23
Patrick Oneill,+1-494-168-3832x80150,"3299 Chen Trail Apt. 205
Michaelmouth, CT 31332",41
Tara Brown,001-264-874-3614x01025,"174 Ronald Cliffs Apt. 694
Thomasfort, ND 16276",50
Andrew Mendez,+1-964-167-7118,"91272 Cruz Pine Apt. 393
North Wendy, NV 48834",32
Amanda Armstrong,(364)227-0904x154,"USNV Jordan
FPO AE 97791",42
David Smith,(950)855-7679,"4017 Phillips Groves
Lake Cynthiastad, TX 15607",42
William Thompson,001-720-289-0612,"245 Moreno Mountain
West Brandontown, RI 46526",18
Kelly Smith,054-239-2121,"42737 Sara Forest Apt. 830
Chavezton, DE 29753",25
Steven Rogers,590.224.7802x13101,"1238 Keith Place Apt. 561
North Erinport, MD 41227",42
